case_name,large_nsd_12,large_nsd_10,large_nsd_11,large_nsd_13,large_nsd_17,small_nsd_8,small_nsd_2,small_nsd_3,small_nsd_5,small_nsd_7,vessel_cldice_1,vessel_cldice_9,vessel_cldice_15,vessel_cldice_20,vessel_cldice_21,nonpdac_nsd_24,nonpdac_nsd_25,pdac_nsd_23,tubular_cldice_6,tubular_cldice_16
BDMAP_O0000064,13.080268588772153,0.0,0.0,0.0,0.0,0.0,0.0,0.0,0.0,0.0,nan,nan,nan,nan,nan,0.0,nan,0.0,15.567765567765568,nan
BDMAP_O0000028,17.086049721413985,0.0,0.0,0.0,1.1776982389651551,0.0,0.0,0.0,0.0,0.0,nan,nan,nan,nan,nan,nan,0.0,0.0,nan,nan
BDMAP_O0000021,4.3802013187074404,0.0,0.0,0.0,0.0,0.0,0.0,0.0,0.0,0.0,nan,nan,nan,nan,nan,0.0,0.0,0.0,nan,nan
BDMAP_O0000259,24.27090600062192,0.0,0.0,0.0,4.2566577868336655,0.0,0.0,0.0,0.0,0.0,nan,31.20567375886525,nan,nan,nan,nan,0.0,0.0,5.595172792100931,nan
BDMAP_O0000032,26.497589079802726,0.0,9.25059521432866,0.0,17.26126841214355,0.0,0.0,0.0,0.0,0.0,28.235294117647058,7.751937984496124,nan,nan,nan,nan,nan,0.0,9.477444055416669,nan
BDMAP_O0000065,10.765663309562262,0.0,0.0,0.0,0.0,0.0,0.0,0.0,0.0,0.0,nan,nan,nan,nan,nan,0.0,nan,0.0,15.19071678418744,0.0
BDMAP_O0000036,1.958832262721814,0.0,0.0,0.0,0.0,0.0,0.0,0.0,0.0,0.0,nan,nan,nan,nan,nan,nan,nan,0.0,9.136756615142781,nan
BDMAP_O0000258,5.894681578158755,0.0,0.0,0.0,7.215186997535929,0.0,0.0,0.0,0.0,0.0,30.630630630630627,nan,nan,nan,nan,nan,0.0,0.0,8.885872080466509,nan
BDMAP_O0000059,14.443811688292685,0.0,2.8028172961535502,0.0,0.9163496504332331,0.0,0.0,0.0,0.0,0.0,nan,nan,nan,nan,nan,nan,0.0,0.0,6.80193012034184,0.0
BDMAP_O0000003,7.846022968891241,0.0,0.0,0.0,0.9964280795679678,0.0,0.0,0.0,0.0,0.0,nan,nan,nan,nan,nan,nan,nan,0.0,0.765255634964266,nan
BDMAP_O0000029,9.483100074297345,0.0,0.0,0.0,0.0,0.0,0.0,0.0,0.0,0.0,nan,nan,nan,nan,nan,0.0,nan,0.0,17.923916998013002,nan
BDMAP_O0000016,10.003637127466886,0.0,0.0,0.0,0.0,0.0,0.0,0.0,0.0,0.0,nan,nan,nan,nan,nan,nan,0.0,0.0,16.948180349892077,nan
BDMAP_O0000030,24.133404497540127,0.0,0.0,0.0,0.0,0.0,0.0,0.0,0.0,0.0,nan,nan,nan,nan,nan,nan,0.0,0.0,7.746031746031747,nan
BDMAP_O0000031,17.997627756309438,0.0,0.0,0.0,0.0,0.0,0.0,0.0,0.0,0.0,nan,nan,nan,nan,nan,nan,0.0,0.0,5.31105847151228,nan
BDMAP_O0000058,1.8776746588431186,0.0,12.153478701623243,8.802512127924803,0.6782989067344481,0.0,0.0,0.0,0.0,0.0,0.0,nan,nan,nan,nan,nan,0.0,0.0,34.602780792887785,nan
BDMAP_O0000049,2.67935412089733,0.0,0.0,0.0,0.0,0.0,0.0,0.0,0.0,0.0,nan,nan,nan,nan,nan,0.0,0.0,0.0,0.3653338745687031,nan
BDMAP_O0000023,7.84756279001498,0.0,0.0,0.0,0.0,0.0,0.0,0.0,0.0,0.0,nan,nan,nan,nan,nan,0.0,0.0,0.0,nan,nan
BDMAP_O0000034,11.29449847868293,0.0,0.0,0.0,0.0,nan,0.0,0.0,0.0,0.0,nan,35.668789808917204,nan,nan,nan,nan,nan,0.0,25.302882384008452,nan
BDMAP_O0000096,16.920542353224786,0.0,0.0,0.0,0.0,0.0,0.0,0.0,0.0,0.0,nan,nan,nan,nan,nan,nan,nan,0.0,1.1251758087201125,nan
BDMAP_O0000019,15.763851973334827,0.0,0.0,0.0,0.1099463113509443,0.0,0.0,0.0,0.0,0.0,0.0,nan,nan,nan,nan,0.0,0.0,0.0,nan,nan
BDMAP_O0000018,7.905483263432707,0.0,0.0,0.0,0.0,0.0,0.0,0.0,0.0,0.0,nan,nan,nan,nan,nan,nan,nan,0.0,11.979061807932354,nan
BDMAP_O0000010,12.644209577035873,0.0,0.0,0.0,0.0,0.0,0.0,0.0,0.0,0.0,nan,nan,nan,nan,nan,0.0,nan,0.0,3.2832121226293762,nan
BDMAP_O0000012,13.33141549713085,0.0,0.0,0.0,0.0,0.0,0.0,0.0,0.0,0.0,nan,nan,nan,nan,nan,nan,0.0,0.0,nan,nan
BDMAP_O0000038,2.6295684444033496,0.0,0.0,0.0,0.0,0.0,0.0,0.0,0.0,0.0,nan,nan,nan,nan,nan,nan,nan,0.0,43.36910274058315,nan
BDMAP_O0000035,7.980580821378691,0.0,0.0,0.0,17.443587767611753,0.0,0.0,0.0,0.0,0.0,nan,nan,nan,nan,nan,0.0,0.0,0.0,2.031930333817126,nan
BDMAP_O0000017,1.8498120860250804,0.0,0.0,0.0,0.14103093436635458,0.0,0.0,0.0,0.0,0.0,nan,nan,nan,nan,nan,nan,nan,0.0,nan,nan
BDMAP_O0000022,18.549660420925328,0.0,2.8145259549691066,0.0,0.0,0.0,0.0,0.0,0.0,0.0,nan,nan,nan,nan,nan,0.0,nan,0.0,42.09555623081517,nan
BDMAP_O0000048,0.9004605247760629,0.0,0.0,0.0,0.0,0.0,0.0,0.0,0.0,0.0,nan,nan,nan,nan,nan,nan,0.0,0.0,nan,nan
BDMAP_O0000046,8.096592217948999,0.0,0.0,0.0,0.0,0.0,0.0,0.0,0.0,0.0,nan,0.0,nan,nan,nan,nan,0.0,0.0,25.763270076094607,nan
BDMAP_O0000050,11.426706031790221,0.0,0.0,0.0,0.9987177011098646,0.0,0.0,0.0,0.0,0.0,nan,nan,nan,nan,nan,0.0,0.0,0.0,0.0,nan
BDMAP_O0000014,17.92340568563444,0.0,0.0,0.0,0.42855622523358994,0.0,0.0,0.0,0.0,0.0,nan,nan,nan,nan,nan,nan,nan,0.0,0.0,2.731738919181558
BDMAP_O0000011,3.9793236863035437,0.0,0.0,0.0,0.0,0.0,0.0,0.0,0.0,0.0,nan,nan,nan,nan,nan,0.0,0.0,0.0,nan,nan
BDMAP_O0000033,13.469667704347488,0.0,0.0,0.0,0.6487862649588562,0.0,0.0,0.0,0.0,0.0,nan,nan,nan,nan,nan,nan,nan,0.0,0.0,nan
BDMAP_O0000041,7.491492990084718,0.0,0.0,0.0,0.0,0.0,0.0,0.0,0.0,0.0,54.80225988700565,41.55844155844156,nan,nan,nan,nan,nan,0.0,14.810076609014178,nan
BDMAP_O0000043,10.118890268417111,0.0,0.0,0.0,0.5105918303531906,0.0,0.0,0.0,0.0,0.0,nan,nan,nan,nan,nan,nan,0.0,0.0,25.084842800697576,nan
BDMAP_O0000004,29.707762225238355,0.0,0.0,0.0,0.0,0.0,0.0,0.0,0.0,0.0,10.876132930513593,7.725321888412018,nan,nan,nan,nan,nan,0.0,29.385760641343765,nan
BDMAP_O0000009,13.002915954991531,0.0,0.0,0.0,2.545488772748687,0.0,0.0,0.0,0.0,0.0,nan,0.0,nan,nan,nan,0.0,0.0,0.0,10.569198058851216,nan
BDMAP_O0000037,17.64753009515773,0.0,0.0,0.0,0.0,0.0,0.0,0.0,0.0,0.0,nan,nan,nan,nan,nan,nan,nan,0.0,nan,nan
BDMAP_O0000006,25.63831755721267,0.0,0.0,0.0,0.14734441085627567,0.0,0.0,0.0,0.0,0.0,nan,nan,nan,nan,nan,nan,0.0,0.0,0.9351880324873829,nan
BDMAP_O0000045,15.732351805535064,0.0,0.0,0.0,2.3561054833106727,nan,0.0,0.0,0.0,0.0,nan,nan,nan,nan,nan,0.0,nan,0.0,5.3817337624650445,nan
BDMAP_O0000164,19.80761345464294,0.0,0.0,0.0,6.143775896747336,0.0,0.0,0.0,0.0,0.0,17.62295081967213,nan,nan,nan,nan,nan,nan,0.0,7.966267012018288,0.0
BDMAP_O0000055,22.212091629109224,0.0,0.0,0.0,0.0,0.0,0.0,0.0,0.0,0.0,nan,24.1635687732342,nan,nan,nan,0.0,0.0,0.0,nan,nan
BDMAP_O0000039,3.310596140388221,0.0,0.0,0.0,3.693050453615361,0.0,0.0,0.0,0.0,0.0,nan,nan,nan,nan,nan,nan,nan,0.0,2.495719992391097,nan
BDMAP_O0000005,29.296963394987312,0.0,0.0,0.0,0.0,0.0,0.0,0.0,0.0,0.0,nan,nan,nan,nan,nan,nan,nan,0.0,15.485713946347868,nan
BDMAP_O0000047,8.859994402554076,0.0,0.0,0.0,0.0,0.0,0.0,0.0,0.0,0.0,nan,nan,nan,nan,nan,0.0,0.0,0.0,8.10120963267118,nan
BDMAP_O0000464,20.87171559505007,0.0,0.0,0.0,0.0,0.0,0.0,0.0,0.0,0.0,nan,nan,nan,nan,nan,0.0,0.0,nan,2.9681381782481133,nan
BDMAP_O0000458,19.740558571724424,0.0,0.0,0.0,0.07983976282205041,0.0,0.0,0.0,0.0,0.0,nan,nan,nan,nan,nan,nan,0.0,nan,6.906007939755489,nan
BDMAP_O0000460,7.320273397595259,0.0,0.0,0.0,5.173674049119399,0.0,0.0,0.0,0.0,0.0,nan,18.595825426944973,nan,nan,nan,0.0,0.0,nan,0.0,nan
BDMAP_O0000457,27.13999905882566,0.0,0.0,0.0,20.818952603387313,0.0,0.0,0.0,0.0,0.0,33.379694019471486,nan,nan,nan,nan,0.0,0.0,nan,nan,nan
BDMAP_O0000465,21.406889887204077,0.0,0.0,0.0,20.285215493432837,0.0,0.0,0.0,0.0,0.0,nan,nan,nan,nan,nan,0.0,0.0,0.0,nan,nan
BDMAP_O0000007,9.688286757355579,0.0,0.0,0.0,0.0,0.0,0.0,0.0,0.0,0.0,nan,nan,nan,nan,nan,0.0,nan,0.0,11.650343008411818,nan
BDMAP_O0000020,12.109332673754682,0.0,0.0,0.0,0.0,0.0,0.0,0.0,0.0,0.0,nan,nan,nan,nan,nan,nan,nan,0.0,nan,nan
BDMAP_O0000044,10.67485224257398,0.0,0.0,0.0,0.0,0.0,0.0,0.0,0.0,0.0,nan,nan,nan,nan,nan,0.0,nan,0.0,0.0,0.0
BDMAP_O0000165,28.29554185175473,0.0,0.0,0.0,20.80292654856494,0.0,0.0,0.0,0.0,0.0,nan,nan,nan,nan,nan,nan,nan,0.0,4.435202586026158,nan
BDMAP_O0000008,6.043903051630929,0.0,0.0,0.0,1.9324672598407133,0.0,0.0,0.0,0.0,0.0,nan,nan,nan,nan,nan,0.0,nan,0.0,5.647449312678085,nan
BDMAP_O0000054,13.04808683294282,0.0,0.0,0.0,0.0,0.0,0.0,0.0,0.0,0.0,nan,nan,nan,nan,nan,0.0,0.0,0.0,nan,nan
BDMAP_O0000461,3.013532259459171,0.0,0.0,0.0,0.2267632571825147,0.0,0.0,0.0,0.0,0.0,nan,0.0,nan,nan,nan,0.0,nan,nan,6.25051939263709,nan
BDMAP_O0000001,4.53769522345141,0.0,0.0,0.0,0.0,0.0,0.0,0.0,0.0,0.0,nan,nan,nan,nan,nan,nan,nan,0.0,nan,nan
BDMAP_O0000002,11.56811859023187,0.0,0.0,0.0,0.0,0.0,0.0,0.0,0.0,0.0,nan,nan,nan,nan,nan,nan,0.0,0.0,11.950924901423374,nan
BDMAP_O0000463,8.949845859207397,0.0,0.0,0.0,0.0,0.0,0.0,0.0,0.0,0.0,nan,nan,nan,nan,nan,0.0,0.0,nan,12.699237659917797,nan
BDMAP_O0000462,6.80568038190725,0.0,0.0,0.0,0.0,0.0,0.0,0.0,0.0,0.0,nan,nan,nan,nan,nan,0.0,0.0,nan,2.9627968403478606,nan
